Path,tag
./Gaffiti/Graffiti_1.png,Graffiti
./Gaffiti/Graffiti_10.png,Graffiti
./Gaffiti/Graffiti_100.png,Graffiti
./Gaffiti/Graffiti_101.jpg,Graffiti
./Gaffiti/Graffiti_102.jpg,Graffiti
./Gaffiti/Graffiti_103.jpg,Graffiti
./Gaffiti/Graffiti_104.jpg,Graffiti
./Gaffiti/Graffiti_105.jpg,Graffiti
./Gaffiti/Graffiti_106.jpg,Graffiti
./Gaffiti/Graffiti_107.jpg,Graffiti
./Gaffiti/Graffiti_108.jpg,Graffiti
./Gaffiti/Graffiti_109.jpg,Graffiti
./Gaffiti/Graffiti_11.png,Graffiti
./Gaffiti/Graffiti_110.jpg,Graffiti
./Gaffiti/Graffiti_111.jpg,Graffiti
./Gaffiti/Graffiti_112.jpg,Graffiti
./Gaffiti/Graffiti_113.jpg,Graffiti
./Gaffiti/Graffiti_114.jpg,Graffiti
./Gaffiti/Graffiti_115.jpg,Graffiti
./Gaffiti/Graffiti_116.jpg,Graffiti
./Gaffiti/Graffiti_117.jpg,Graffiti
./Gaffiti/Graffiti_118.jpg,Graffiti
./Gaffiti/Graffiti_119.jpg,Graffiti
./Gaffiti/Graffiti_12.png,Graffiti
./Gaffiti/Graffiti_120.jpg,Graffiti
./Gaffiti/Graffiti_121.jpg,Graffiti
./Gaffiti/Graffiti_122.jpg,Graffiti
./Gaffiti/Graffiti_123.jpg,Graffiti
./Gaffiti/Graffiti_124.jpg,Graffiti
./Gaffiti/Graffiti_125.jpg,Graffiti
./Gaffiti/Graffiti_126.jpg,Graffiti
./Gaffiti/Graffiti_127.jpg,Graffiti
./Gaffiti/Graffiti_128.jpg,Graffiti
./Gaffiti/Graffiti_129.jpg,Graffiti
./Gaffiti/Graffiti_13.png,Graffiti
./Gaffiti/Graffiti_130.jpg,Graffiti
./Gaffiti/Graffiti_131.jpg,Graffiti
./Gaffiti/Graffiti_132.jpg,Graffiti
./Gaffiti/Graffiti_133.jpg,Graffiti
./Gaffiti/Graffiti_134.jpg,Graffiti
./Gaffiti/Graffiti_135.jpg,Graffiti
./Gaffiti/Graffiti_136.jpg,Graffiti
./Gaffiti/Graffiti_137.jpg,Graffiti
./Gaffiti/Graffiti_138.jpg,Graffiti
./Gaffiti/Graffiti_139.jpg,Graffiti
./Gaffiti/Graffiti_14.png,Graffiti
./Gaffiti/Graffiti_140.jpg,Graffiti
./Gaffiti/Graffiti_141.jpg,Graffiti
./Gaffiti/Graffiti_142.jpg,Graffiti
./Gaffiti/Graffiti_143.jpg,Graffiti
./Gaffiti/Graffiti_144.jpg,Graffiti
./Gaffiti/Graffiti_145.jpg,Graffiti
./Gaffiti/Graffiti_146.jpg,Graffiti
./Gaffiti/Graffiti_147.jpg,Graffiti
./Gaffiti/Graffiti_148.jpg,Graffiti
./Gaffiti/Graffiti_149.jpg,Graffiti
./Gaffiti/Graffiti_15.png,Graffiti
./Gaffiti/Graffiti_150.jpg,Graffiti
./Gaffiti/Graffiti_151.jpg,Graffiti
./Gaffiti/Graffiti_152.jpg,Graffiti
./Gaffiti/Graffiti_153.jpg,Graffiti
./Gaffiti/Graffiti_154.jpg,Graffiti
./Gaffiti/Graffiti_155.jpg,Graffiti
./Gaffiti/Graffiti_156.jpg,Graffiti
./Gaffiti/Graffiti_157.jpg,Graffiti
./Gaffiti/Graffiti_158.jpg,Graffiti
./Gaffiti/Graffiti_159.jpg,Graffiti
./Gaffiti/Graffiti_16.png,Graffiti
./Gaffiti/Graffiti_160.jpg,Graffiti
./Gaffiti/Graffiti_161.jpg,Graffiti
./Gaffiti/Graffiti_162.jpg,Graffiti
./Gaffiti/Graffiti_163.jpg,Graffiti
./Gaffiti/Graffiti_164.jpg,Graffiti
./Gaffiti/Graffiti_165.jpg,Graffiti
./Gaffiti/Graffiti_166.jpg,Graffiti
./Gaffiti/Graffiti_167.jpg,Graffiti
./Gaffiti/Graffiti_168.jpg,Graffiti
./Gaffiti/Graffiti_169.jpg,Graffiti
./Gaffiti/Graffiti_17.png,Graffiti
./Gaffiti/Graffiti_170.jpg,Graffiti
./Gaffiti/Graffiti_171.jpg,Graffiti
./Gaffiti/Graffiti_172.jpg,Graffiti
./Gaffiti/Graffiti_173.jpg,Graffiti
./Gaffiti/Graffiti_174.jpg,Graffiti
./Gaffiti/Graffiti_175.jpg,Graffiti
./Gaffiti/Graffiti_176.jpg,Graffiti
./Gaffiti/Graffiti_177.jpg,Graffiti
./Gaffiti/Graffiti_178.jpg,Graffiti
./Gaffiti/Graffiti_179.jpg,Graffiti
./Gaffiti/Graffiti_18.png,Graffiti
./Gaffiti/Graffiti_180.jpg,Graffiti
./Gaffiti/Graffiti_181.jpg,Graffiti
./Gaffiti/Graffiti_182.jpg,Graffiti
./Gaffiti/Graffiti_183.jpg,Graffiti
./Gaffiti/Graffiti_184.jpg,Graffiti
./Gaffiti/Graffiti_185.jpg,Graffiti
./Gaffiti/Graffiti_186.jpg,Graffiti
./Gaffiti/Graffiti_187.jpg,Graffiti
./Gaffiti/Graffiti_188.jpg,Graffiti
./Gaffiti/Graffiti_189.jpg,Graffiti
./Gaffiti/Graffiti_19.png,Graffiti
./Gaffiti/Graffiti_190.jpg,Graffiti
./Gaffiti/Graffiti_191.jpg,Graffiti
./Gaffiti/Graffiti_192.jpg,Graffiti
./Gaffiti/Graffiti_193.jpg,Graffiti
./Gaffiti/Graffiti_194.jpg,Graffiti
./Gaffiti/Graffiti_195.jpg,Graffiti
./Gaffiti/Graffiti_196.jpg,Graffiti
./Gaffiti/Graffiti_197.jpg,Graffiti
./Gaffiti/Graffiti_198.jpg,Graffiti
./Gaffiti/Graffiti_199.jpg,Graffiti
./Gaffiti/Graffiti_2.png,Graffiti
./Gaffiti/Graffiti_20.png,Graffiti
./Gaffiti/Graffiti_200.jpg,Graffiti
./Gaffiti/Graffiti_201.png,Graffiti
./Gaffiti/Graffiti_202.png,Graffiti
./Gaffiti/Graffiti_203.png,Graffiti
./Gaffiti/Graffiti_204.png,Graffiti
./Gaffiti/Graffiti_205.png,Graffiti
./Gaffiti/Graffiti_206.png,Graffiti
./Gaffiti/Graffiti_207.png,Graffiti
./Gaffiti/Graffiti_208.png,Graffiti
./Gaffiti/Graffiti_209.png,Graffiti
./Gaffiti/Graffiti_21.png,Graffiti
./Gaffiti/Graffiti_210.png,Graffiti
./Gaffiti/Graffiti_211.png,Graffiti
./Gaffiti/Graffiti_212.png,Graffiti
./Gaffiti/Graffiti_213.png,Graffiti
./Gaffiti/Graffiti_214.png,Graffiti
./Gaffiti/Graffiti_215.png,Graffiti
./Gaffiti/Graffiti_216.png,Graffiti
./Gaffiti/Graffiti_217.png,Graffiti
./Gaffiti/Graffiti_218.png,Graffiti
./Gaffiti/Graffiti_219.png,Graffiti
./Gaffiti/Graffiti_22.png,Graffiti
./Gaffiti/Graffiti_220.png,Graffiti
./Gaffiti/Graffiti_221.png,Graffiti
./Gaffiti/Graffiti_222.png,Graffiti
./Gaffiti/Graffiti_223.png,Graffiti
./Gaffiti/Graffiti_224.png,Graffiti
./Gaffiti/Graffiti_225.png,Graffiti
./Gaffiti/Graffiti_226.png,Graffiti
./Gaffiti/Graffiti_227.png,Graffiti
./Gaffiti/Graffiti_228.png,Graffiti
./Gaffiti/Graffiti_229.png,Graffiti
./Gaffiti/Graffiti_23.png,Graffiti
./Gaffiti/Graffiti_230.png,Graffiti
./Gaffiti/Graffiti_231.png,Graffiti
./Gaffiti/Graffiti_232.png,Graffiti
./Gaffiti/Graffiti_233.png,Graffiti
./Gaffiti/Graffiti_234.png,Graffiti
./Gaffiti/Graffiti_235.png,Graffiti
./Gaffiti/Graffiti_236.png,Graffiti
./Gaffiti/Graffiti_237.png,Graffiti
./Gaffiti/Graffiti_238.png,Graffiti
./Gaffiti/Graffiti_239.png,Graffiti
./Gaffiti/Graffiti_24.png,Graffiti
./Gaffiti/Graffiti_240.png,Graffiti
./Gaffiti/Graffiti_241.png,Graffiti
./Gaffiti/Graffiti_242.png,Graffiti
./Gaffiti/Graffiti_243.png,Graffiti
./Gaffiti/Graffiti_244.png,Graffiti
./Gaffiti/Graffiti_245.png,Graffiti
./Gaffiti/Graffiti_246.png,Graffiti
./Gaffiti/Graffiti_247.png,Graffiti
./Gaffiti/Graffiti_248.png,Graffiti
./Gaffiti/Graffiti_249.png,Graffiti
./Gaffiti/Graffiti_25.png,Graffiti
./Gaffiti/Graffiti_250.png,Graffiti
./Gaffiti/Graffiti_251.png,Graffiti
./Gaffiti/Graffiti_252.png,Graffiti
./Gaffiti/Graffiti_253.png,Graffiti
./Gaffiti/Graffiti_254.png,Graffiti
./Gaffiti/Graffiti_255.png,Graffiti
./Gaffiti/Graffiti_256.png,Graffiti
./Gaffiti/Graffiti_257.png,Graffiti
./Gaffiti/Graffiti_258.png,Graffiti
./Gaffiti/Graffiti_259.png,Graffiti
./Gaffiti/Graffiti_26.png,Graffiti
./Gaffiti/Graffiti_260.png,Graffiti
./Gaffiti/Graffiti_261.png,Graffiti
./Gaffiti/Graffiti_262.png,Graffiti
./Gaffiti/Graffiti_263.png,Graffiti
./Gaffiti/Graffiti_264.png,Graffiti
./Gaffiti/Graffiti_265.png,Graffiti
./Gaffiti/Graffiti_266.png,Graffiti
./Gaffiti/Graffiti_267.png,Graffiti
./Gaffiti/Graffiti_268.png,Graffiti
./Gaffiti/Graffiti_269.png,Graffiti
./Gaffiti/Graffiti_27.png,Graffiti
./Gaffiti/Graffiti_270.png,Graffiti
./Gaffiti/Graffiti_271.png,Graffiti
./Gaffiti/Graffiti_272.png,Graffiti
./Gaffiti/Graffiti_273.png,Graffiti
./Gaffiti/Graffiti_274.png,Graffiti
./Gaffiti/Graffiti_275.png,Graffiti
./Gaffiti/Graffiti_276.png,Graffiti
./Gaffiti/Graffiti_277.png,Graffiti
./Gaffiti/Graffiti_278.png,Graffiti
./Gaffiti/Graffiti_279.png,Graffiti
./Gaffiti/Graffiti_28.png,Graffiti
./Gaffiti/Graffiti_280.png,Graffiti
./Gaffiti/Graffiti_281.png,Graffiti
./Gaffiti/Graffiti_282.png,Graffiti
./Gaffiti/Graffiti_283.png,Graffiti
./Gaffiti/Graffiti_284.png,Graffiti
./Gaffiti/Graffiti_285.png,Graffiti
./Gaffiti/Graffiti_286.png,Graffiti
./Gaffiti/Graffiti_287.png,Graffiti
./Gaffiti/Graffiti_288.png,Graffiti
./Gaffiti/Graffiti_289.png,Graffiti
./Gaffiti/Graffiti_29.png,Graffiti
./Gaffiti/Graffiti_290.png,Graffiti
./Gaffiti/Graffiti_291.png,Graffiti
./Gaffiti/Graffiti_292.png,Graffiti
./Gaffiti/Graffiti_293.png,Graffiti
./Gaffiti/Graffiti_294.png,Graffiti
./Gaffiti/Graffiti_295.png,Graffiti
./Gaffiti/Graffiti_296.png,Graffiti
./Gaffiti/Graffiti_297.png,Graffiti
./Gaffiti/Graffiti_298.png,Graffiti
./Gaffiti/Graffiti_299.png,Graffiti
./Gaffiti/Graffiti_3.png,Graffiti
./Gaffiti/Graffiti_30.png,Graffiti
./Gaffiti/Graffiti_300.png,Graffiti
./Gaffiti/Graffiti_31.png,Graffiti
./Gaffiti/Graffiti_32.png,Graffiti
./Gaffiti/Graffiti_33.png,Graffiti
./Gaffiti/Graffiti_34.png,Graffiti
./Gaffiti/Graffiti_35.png,Graffiti
./Gaffiti/Graffiti_36.png,Graffiti
./Gaffiti/Graffiti_37.png,Graffiti
./Gaffiti/Graffiti_38.png,Graffiti
./Gaffiti/Graffiti_39.png,Graffiti
./Gaffiti/Graffiti_4.png,Graffiti
./Gaffiti/Graffiti_40.png,Graffiti
./Gaffiti/Graffiti_41.png,Graffiti
./Gaffiti/Graffiti_42.png,Graffiti
./Gaffiti/Graffiti_43.png,Graffiti
./Gaffiti/Graffiti_44.png,Graffiti
./Gaffiti/Graffiti_45.png,Graffiti
./Gaffiti/Graffiti_46.png,Graffiti
./Gaffiti/Graffiti_47.png,Graffiti
./Gaffiti/Graffiti_48.png,Graffiti
./Gaffiti/Graffiti_49.png,Graffiti
./Gaffiti/Graffiti_5.png,Graffiti
./Gaffiti/Graffiti_50.png,Graffiti
./Gaffiti/Graffiti_51.png,Graffiti
./Gaffiti/Graffiti_52.png,Graffiti
./Gaffiti/Graffiti_53.png,Graffiti
./Gaffiti/Graffiti_54.png,Graffiti
./Gaffiti/Graffiti_55.png,Graffiti
./Gaffiti/Graffiti_56.png,Graffiti
./Gaffiti/Graffiti_57.png,Graffiti
./Gaffiti/Graffiti_58.png,Graffiti
./Gaffiti/Graffiti_59.png,Graffiti
./Gaffiti/Graffiti_6.png,Graffiti
./Gaffiti/Graffiti_60.png,Graffiti
./Gaffiti/Graffiti_61.png,Graffiti
./Gaffiti/Graffiti_62.png,Graffiti
./Gaffiti/Graffiti_63.png,Graffiti
./Gaffiti/Graffiti_64.png,Graffiti
./Gaffiti/Graffiti_65.png,Graffiti
./Gaffiti/Graffiti_66.png,Graffiti
./Gaffiti/Graffiti_67.png,Graffiti
./Gaffiti/Graffiti_68.png,Graffiti
./Gaffiti/Graffiti_69.png,Graffiti
./Gaffiti/Graffiti_7.png,Graffiti
./Gaffiti/Graffiti_70.png,Graffiti
./Gaffiti/Graffiti_71.png,Graffiti
./Gaffiti/Graffiti_72.png,Graffiti
./Gaffiti/Graffiti_73.png,Graffiti
./Gaffiti/Graffiti_74.png,Graffiti
./Gaffiti/Graffiti_75.png,Graffiti
./Gaffiti/Graffiti_76.png,Graffiti
./Gaffiti/Graffiti_77.png,Graffiti
./Gaffiti/Graffiti_78.png,Graffiti
./Gaffiti/Graffiti_79.png,Graffiti
./Gaffiti/Graffiti_8.png,Graffiti
./Gaffiti/Graffiti_80.png,Graffiti
./Gaffiti/Graffiti_81.png,Graffiti
./Gaffiti/Graffiti_82.png,Graffiti
./Gaffiti/Graffiti_83.png,Graffiti
./Gaffiti/Graffiti_84.png,Graffiti
./Gaffiti/Graffiti_85.png,Graffiti
./Gaffiti/Graffiti_86.png,Graffiti
./Gaffiti/Graffiti_87.png,Graffiti
./Gaffiti/Graffiti_88.png,Graffiti
./Gaffiti/Graffiti_89.png,Graffiti
./Gaffiti/Graffiti_9.png,Graffiti
./Gaffiti/Graffiti_90.png,Graffiti
./Gaffiti/Graffiti_91.png,Graffiti
./Gaffiti/Graffiti_92.png,Graffiti
./Gaffiti/Graffiti_93.png,Graffiti
./Gaffiti/Graffiti_94.png,Graffiti
./Gaffiti/Graffiti_95.png,Graffiti
./Gaffiti/Graffiti_96.png,Graffiti
./Gaffiti/Graffiti_97.png,Graffiti
./Gaffiti/Graffiti_98.png,Graffiti
./Gaffiti/Graffiti_99.png,Graffiti
./PopArt/Pop art_1.png,PopArt
./PopArt/Pop art_10.png,PopArt
./PopArt/Pop art_100.png,PopArt
./PopArt/Pop art_101.jpg,PopArt
./PopArt/Pop art_102.jpg,PopArt
./PopArt/Pop art_103.jpg,PopArt
./PopArt/Pop art_104.jpg,PopArt
./PopArt/Pop art_105.jpg,PopArt
./PopArt/Pop art_106.jpg,PopArt
./PopArt/Pop art_107.jpg,PopArt
./PopArt/Pop art_108.jpg,PopArt
./PopArt/Pop art_109.jpg,PopArt
./PopArt/Pop art_11.png,PopArt
./PopArt/Pop art_110.jpg,PopArt
./PopArt/Pop art_111.jpg,PopArt
./PopArt/Pop art_112.jpg,PopArt
./PopArt/Pop art_113.jpg,PopArt
./PopArt/Pop art_114.jpg,PopArt
./PopArt/Pop art_115.jpg,PopArt
./PopArt/Pop art_116.jpg,PopArt
./PopArt/Pop art_117.jpg,PopArt
./PopArt/Pop art_118.jpg,PopArt
./PopArt/Pop art_119.jpg,PopArt
./PopArt/Pop art_12.png,PopArt
./PopArt/Pop art_120.jpg,PopArt
./PopArt/Pop art_121.jpg,PopArt
./PopArt/Pop art_122.jpg,PopArt
./PopArt/Pop art_123.jpg,PopArt
./PopArt/Pop art_124.jpg,PopArt
./PopArt/Pop art_125.jpg,PopArt
./PopArt/Pop art_126.jpg,PopArt
./PopArt/Pop art_127.jpg,PopArt
./PopArt/Pop art_128.jpg,PopArt
./PopArt/Pop art_129.jpg,PopArt
./PopArt/Pop art_13.png,PopArt
./PopArt/Pop art_130.jpg,PopArt
./PopArt/Pop art_131.jpg,PopArt
./PopArt/Pop art_132.jpg,PopArt
./PopArt/Pop art_133.jpg,PopArt
./PopArt/Pop art_134.jpg,PopArt
./PopArt/Pop art_135.jpg,PopArt
./PopArt/Pop art_136.jpg,PopArt
./PopArt/Pop art_137.jpg,PopArt
./PopArt/Pop art_138.jpg,PopArt
./PopArt/Pop art_139.jpg,PopArt
./PopArt/Pop art_14.png,PopArt
./PopArt/Pop art_140.jpg,PopArt
./PopArt/Pop art_141.jpg,PopArt
./PopArt/Pop art_142.jpg,PopArt
./PopArt/Pop art_143.jpg,PopArt
./PopArt/Pop art_144.jpg,PopArt
./PopArt/Pop art_145.jpg,PopArt
./PopArt/Pop art_146.jpg,PopArt
./PopArt/Pop art_147.jpg,PopArt
./PopArt/Pop art_148.jpg,PopArt
./PopArt/Pop art_149.jpg,PopArt
./PopArt/Pop art_15.png,PopArt
./PopArt/Pop art_150.jpg,PopArt
./PopArt/Pop art_151.jpg,PopArt
./PopArt/Pop art_152.jpg,PopArt
./PopArt/Pop art_153.jpg,PopArt
./PopArt/Pop art_154.jpg,PopArt
./PopArt/Pop art_155.jpg,PopArt
./PopArt/Pop art_156.jpg,PopArt
./PopArt/Pop art_157.jpg,PopArt
./PopArt/Pop art_158.jpg,PopArt
./PopArt/Pop art_159.jpg,PopArt
./PopArt/Pop art_16.png,PopArt
./PopArt/Pop art_160.jpg,PopArt
./PopArt/Pop art_161.jpg,PopArt
./PopArt/Pop art_162.jpg,PopArt
./PopArt/Pop art_163.jpg,PopArt
./PopArt/Pop art_164.jpg,PopArt
./PopArt/Pop art_165.jpg,PopArt
./PopArt/Pop art_166.jpg,PopArt
./PopArt/Pop art_167.jpg,PopArt
./PopArt/Pop art_168.jpg,PopArt
./PopArt/Pop art_169.jpg,PopArt
./PopArt/Pop art_17.png,PopArt
./PopArt/Pop art_170.jpg,PopArt
./PopArt/Pop art_171.jpg,PopArt
./PopArt/Pop art_172.jpg,PopArt
./PopArt/Pop art_173.jpg,PopArt
./PopArt/Pop art_174.jpg,PopArt
./PopArt/Pop art_175.jpg,PopArt
./PopArt/Pop art_176.jpg,PopArt
./PopArt/Pop art_177.jpg,PopArt
./PopArt/Pop art_178.jpg,PopArt
./PopArt/Pop art_179.jpg,PopArt
./PopArt/Pop art_18.png,PopArt
./PopArt/Pop art_180.jpg,PopArt
./PopArt/Pop art_181.jpg,PopArt
./PopArt/Pop art_182.jpg,PopArt
./PopArt/Pop art_183.jpg,PopArt
./PopArt/Pop art_184.jpg,PopArt
./PopArt/Pop art_185.jpg,PopArt
./PopArt/Pop art_186.jpg,PopArt
./PopArt/Pop art_187.jpg,PopArt
./PopArt/Pop art_188.jpg,PopArt
./PopArt/Pop art_189.jpg,PopArt
./PopArt/Pop art_19.png,PopArt
./PopArt/Pop art_190.jpg,PopArt
./PopArt/Pop art_191.jpg,PopArt
./PopArt/Pop art_192.jpg,PopArt
./PopArt/Pop art_193.jpg,PopArt
./PopArt/Pop art_194.jpg,PopArt
./PopArt/Pop art_195.jpg,PopArt
./PopArt/Pop art_196.jpg,PopArt
./PopArt/Pop art_197.jpg,PopArt
./PopArt/Pop art_198.jpg,PopArt
./PopArt/Pop art_199.jpg,PopArt
./PopArt/Pop art_2.png,PopArt
./PopArt/Pop art_20.png,PopArt
./PopArt/Pop art_200.jpg,PopArt
./PopArt/Pop art_201.png,PopArt
./PopArt/Pop art_202.png,PopArt
./PopArt/Pop art_203.png,PopArt
./PopArt/Pop art_204.png,PopArt
./PopArt/Pop art_205.png,PopArt
./PopArt/Pop art_206.png,PopArt
./PopArt/Pop art_207.png,PopArt
./PopArt/Pop art_208.png,PopArt
./PopArt/Pop art_209.png,PopArt
./PopArt/Pop art_21.png,PopArt
./PopArt/Pop art_210.png,PopArt
./PopArt/Pop art_211.png,PopArt
./PopArt/Pop art_212.png,PopArt
./PopArt/Pop art_213.png,PopArt
./PopArt/Pop art_214.png,PopArt
./PopArt/Pop art_215.png,PopArt
./PopArt/Pop art_216.png,PopArt
./PopArt/Pop art_217.png,PopArt
./PopArt/Pop art_218.png,PopArt
./PopArt/Pop art_219.png,PopArt
./PopArt/Pop art_22.png,PopArt
./PopArt/Pop art_220.png,PopArt
./PopArt/Pop art_221.png,PopArt
./PopArt/Pop art_222.png,PopArt
./PopArt/Pop art_223.png,PopArt
./PopArt/Pop art_224.png,PopArt
./PopArt/Pop art_225.png,PopArt
./PopArt/Pop art_226.png,PopArt
./PopArt/Pop art_227.png,PopArt
./PopArt/Pop art_228.png,PopArt
./PopArt/Pop art_229.png,PopArt
./PopArt/Pop art_23.png,PopArt
./PopArt/Pop art_230.png,PopArt
./PopArt/Pop art_231.png,PopArt
./PopArt/Pop art_232.png,PopArt
./PopArt/Pop art_233.png,PopArt
./PopArt/Pop art_234.png,PopArt
./PopArt/Pop art_235.png,PopArt
./PopArt/Pop art_236.png,PopArt
./PopArt/Pop art_237.png,PopArt
./PopArt/Pop art_238.png,PopArt
./PopArt/Pop art_239.png,PopArt
./PopArt/Pop art_24.png,PopArt
./PopArt/Pop art_240.png,PopArt
./PopArt/Pop art_241.png,PopArt
./PopArt/Pop art_242.png,PopArt
./PopArt/Pop art_243.png,PopArt
./PopArt/Pop art_244.png,PopArt
./PopArt/Pop art_245.png,PopArt
./PopArt/Pop art_246.png,PopArt
./PopArt/Pop art_247.png,PopArt
./PopArt/Pop art_248.png,PopArt
./PopArt/Pop art_249.png,PopArt
./PopArt/Pop art_25.png,PopArt
./PopArt/Pop art_250.png,PopArt
./PopArt/Pop art_251.png,PopArt
./PopArt/Pop art_252.png,PopArt
./PopArt/Pop art_253.png,PopArt
./PopArt/Pop art_254.png,PopArt
./PopArt/Pop art_255.png,PopArt
./PopArt/Pop art_256.png,PopArt
./PopArt/Pop art_257.png,PopArt
./PopArt/Pop art_258.png,PopArt
./PopArt/Pop art_259.png,PopArt
./PopArt/Pop art_26.png,PopArt
./PopArt/Pop art_260.png,PopArt
./PopArt/Pop art_261.png,PopArt
./PopArt/Pop art_262.png,PopArt
./PopArt/Pop art_263.png,PopArt
./PopArt/Pop art_264.png,PopArt
./PopArt/Pop art_265.png,PopArt
./PopArt/Pop art_266.png,PopArt
./PopArt/Pop art_267.png,PopArt
./PopArt/Pop art_268.png,PopArt
./PopArt/Pop art_269.png,PopArt
./PopArt/Pop art_27.png,PopArt
./PopArt/Pop art_270.png,PopArt
./PopArt/Pop art_271.png,PopArt
./PopArt/Pop art_272.png,PopArt
./PopArt/Pop art_273.png,PopArt
./PopArt/Pop art_274.png,PopArt
./PopArt/Pop art_275.png,PopArt
./PopArt/Pop art_276.png,PopArt
./PopArt/Pop art_277.png,PopArt
./PopArt/Pop art_278.png,PopArt
./PopArt/Pop art_279.png,PopArt
./PopArt/Pop art_28.png,PopArt
./PopArt/Pop art_280.png,PopArt
./PopArt/Pop art_281.png,PopArt
./PopArt/Pop art_282.png,PopArt
./PopArt/Pop art_283.png,PopArt
./PopArt/Pop art_284.png,PopArt
./PopArt/Pop art_285.png,PopArt
./PopArt/Pop art_286.png,PopArt
./PopArt/Pop art_287.png,PopArt
./PopArt/Pop art_288.png,PopArt
./PopArt/Pop art_289.png,PopArt
./PopArt/Pop art_29.png,PopArt
./PopArt/Pop art_290.png,PopArt
./PopArt/Pop art_291.png,PopArt
./PopArt/Pop art_292.png,PopArt
./PopArt/Pop art_293.png,PopArt
./PopArt/Pop art_294.png,PopArt
./PopArt/Pop art_295.png,PopArt
./PopArt/Pop art_296.png,PopArt
./PopArt/Pop art_297.png,PopArt
./PopArt/Pop art_298.png,PopArt
./PopArt/Pop art_299.png,PopArt
./PopArt/Pop art_3.png,PopArt
./PopArt/Pop art_30.png,PopArt
./PopArt/Pop art_300.png,PopArt
./PopArt/Pop art_31.png,PopArt
./PopArt/Pop art_32.png,PopArt
./PopArt/Pop art_33.png,PopArt
./PopArt/Pop art_34.png,PopArt
./PopArt/Pop art_35.png,PopArt
./PopArt/Pop art_36.png,PopArt
./PopArt/Pop art_37.png,PopArt
./PopArt/Pop art_38.png,PopArt
./PopArt/Pop art_39.png,PopArt
./PopArt/Pop art_4.png,PopArt
./PopArt/Pop art_40.png,PopArt
./PopArt/Pop art_41.png,PopArt
./PopArt/Pop art_42.png,PopArt
./PopArt/Pop art_43.png,PopArt
./PopArt/Pop art_44.png,PopArt
./PopArt/Pop art_45.png,PopArt
./PopArt/Pop art_46.png,PopArt
./PopArt/Pop art_47.png,PopArt
./PopArt/Pop art_48.png,PopArt
./PopArt/Pop art_49.png,PopArt
./PopArt/Pop art_5.png,PopArt
./PopArt/Pop art_50.png,PopArt
./PopArt/Pop art_51.png,PopArt
./PopArt/Pop art_52.png,PopArt
./PopArt/Pop art_53.png,PopArt
./PopArt/Pop art_54.png,PopArt
./PopArt/Pop art_55.png,PopArt
./PopArt/Pop art_56.png,PopArt
./PopArt/Pop art_57.png,PopArt
./PopArt/Pop art_58.png,PopArt
./PopArt/Pop art_59.png,PopArt
./PopArt/Pop art_6.png,PopArt
./PopArt/Pop art_60.png,PopArt
./PopArt/Pop art_61.png,PopArt
./PopArt/Pop art_62.png,PopArt
./PopArt/Pop art_63.png,PopArt
./PopArt/Pop art_64.png,PopArt
./PopArt/Pop art_65.png,PopArt
./PopArt/Pop art_66.png,PopArt
./PopArt/Pop art_67.png,PopArt
./PopArt/Pop art_68.png,PopArt
./PopArt/Pop art_69.png,PopArt
./PopArt/Pop art_7.png,PopArt
./PopArt/Pop art_70.png,PopArt
./PopArt/Pop art_71.png,PopArt
./PopArt/Pop art_72.png,PopArt
./PopArt/Pop art_73.png,PopArt
./PopArt/Pop art_74.png,PopArt
./PopArt/Pop art_75.png,PopArt
./PopArt/Pop art_76.png,PopArt
./PopArt/Pop art_77.png,PopArt
./PopArt/Pop art_78.png,PopArt
./PopArt/Pop art_79.png,PopArt
./PopArt/Pop art_8.png,PopArt
./PopArt/Pop art_80.png,PopArt
./PopArt/Pop art_81.png,PopArt
./PopArt/Pop art_82.png,PopArt
./PopArt/Pop art_83.png,PopArt
./PopArt/Pop art_84.png,PopArt
./PopArt/Pop art_85.png,PopArt
./PopArt/Pop art_86.png,PopArt
./PopArt/Pop art_87.png,PopArt
./PopArt/Pop art_88.png,PopArt
./PopArt/Pop art_89.png,PopArt
./PopArt/Pop art_9.png,PopArt
./PopArt/Pop art_90.png,PopArt
./PopArt/Pop art_91.png,PopArt
./PopArt/Pop art_92.png,PopArt
./PopArt/Pop art_93.png,PopArt
./PopArt/Pop art_94.png,PopArt
./PopArt/Pop art_95.png,PopArt
./PopArt/Pop art_96.png,PopArt
./PopArt/Pop art_97.png,PopArt
./PopArt/Pop art_98.png,PopArt
./PopArt/Pop art_99.png,PopArt
./Cubism/Cubism_1.png,Cubism
./Cubism/Cubism_10.png,Cubism
./Cubism/Cubism_100.png,Cubism
./Cubism/Cubism_101.jpg,Cubism
./Cubism/Cubism_102.jpg,Cubism
./Cubism/Cubism_103.jpg,Cubism
./Cubism/Cubism_104.jpg,Cubism
./Cubism/Cubism_105.jpg,Cubism
./Cubism/Cubism_106.jpg,Cubism
./Cubism/Cubism_107.jpg,Cubism
./Cubism/Cubism_108.jpg,Cubism
./Cubism/Cubism_109.jpg,Cubism
./Cubism/Cubism_11.png,Cubism
./Cubism/Cubism_110.jpg,Cubism
./Cubism/Cubism_111.jpg,Cubism
./Cubism/Cubism_112.jpg,Cubism
./Cubism/Cubism_113.jpg,Cubism
./Cubism/Cubism_114.jpg,Cubism
./Cubism/Cubism_115.jpg,Cubism
./Cubism/Cubism_116.jpg,Cubism
./Cubism/Cubism_117.jpg,Cubism
./Cubism/Cubism_118.jpg,Cubism
./Cubism/Cubism_119.jpg,Cubism
./Cubism/Cubism_12.png,Cubism
./Cubism/Cubism_120.jpg,Cubism
./Cubism/Cubism_121.jpg,Cubism
./Cubism/Cubism_122.jpg,Cubism
./Cubism/Cubism_123.jpg,Cubism
./Cubism/Cubism_124.jpg,Cubism
./Cubism/Cubism_125.jpg,Cubism
./Cubism/Cubism_126.jpg,Cubism
./Cubism/Cubism_127.jpg,Cubism
./Cubism/Cubism_128.jpg,Cubism
./Cubism/Cubism_129.jpg,Cubism
./Cubism/Cubism_13.png,Cubism
./Cubism/Cubism_130.jpg,Cubism
./Cubism/Cubism_131.jpg,Cubism
./Cubism/Cubism_132.jpg,Cubism
./Cubism/Cubism_133.jpg,Cubism
./Cubism/Cubism_134.jpg,Cubism
./Cubism/Cubism_135.jpg,Cubism
./Cubism/Cubism_136.jpg,Cubism
./Cubism/Cubism_137.jpg,Cubism
./Cubism/Cubism_138.jpg,Cubism
./Cubism/Cubism_139.jpg,Cubism
./Cubism/Cubism_14.png,Cubism
./Cubism/Cubism_140.jpg,Cubism
./Cubism/Cubism_141.jpg,Cubism
./Cubism/Cubism_142.jpg,Cubism
./Cubism/Cubism_143.jpg,Cubism
./Cubism/Cubism_144.jpg,Cubism
./Cubism/Cubism_145.jpg,Cubism
./Cubism/Cubism_146.jpg,Cubism
./Cubism/Cubism_147.jpg,Cubism
./Cubism/Cubism_148.jpg,Cubism
./Cubism/Cubism_149.jpg,Cubism
./Cubism/Cubism_15.png,Cubism
./Cubism/Cubism_150.jpg,Cubism
./Cubism/Cubism_151.jpg,Cubism
./Cubism/Cubism_152.jpg,Cubism
./Cubism/Cubism_153.jpg,Cubism
./Cubism/Cubism_154.jpg,Cubism
./Cubism/Cubism_155.jpg,Cubism
./Cubism/Cubism_156.jpg,Cubism
./Cubism/Cubism_157.jpg,Cubism
./Cubism/Cubism_158.jpg,Cubism
./Cubism/Cubism_159.jpg,Cubism
./Cubism/Cubism_16.png,Cubism
./Cubism/Cubism_160.jpg,Cubism
./Cubism/Cubism_161.jpg,Cubism
./Cubism/Cubism_162.jpg,Cubism
./Cubism/Cubism_163.jpg,Cubism
./Cubism/Cubism_164.jpg,Cubism
./Cubism/Cubism_165.jpg,Cubism
./Cubism/Cubism_166.jpg,Cubism
./Cubism/Cubism_167.jpg,Cubism
./Cubism/Cubism_168.jpg,Cubism
./Cubism/Cubism_169.jpg,Cubism
./Cubism/Cubism_17.png,Cubism
./Cubism/Cubism_170.jpg,Cubism
./Cubism/Cubism_171.jpg,Cubism
./Cubism/Cubism_172.jpg,Cubism
./Cubism/Cubism_173.jpg,Cubism
./Cubism/Cubism_174.jpg,Cubism
./Cubism/Cubism_175.jpg,Cubism
./Cubism/Cubism_176.jpg,Cubism
./Cubism/Cubism_177.jpg,Cubism
./Cubism/Cubism_178.jpg,Cubism
./Cubism/Cubism_179.jpg,Cubism
./Cubism/Cubism_18.png,Cubism
./Cubism/Cubism_180.jpg,Cubism
./Cubism/Cubism_181.jpg,Cubism
./Cubism/Cubism_182.jpg,Cubism
./Cubism/Cubism_183.jpg,Cubism
./Cubism/Cubism_184.jpg,Cubism
./Cubism/Cubism_185.jpg,Cubism
./Cubism/Cubism_186.jpg,Cubism
./Cubism/Cubism_187.jpg,Cubism
./Cubism/Cubism_188.jpg,Cubism
./Cubism/Cubism_189.jpg,Cubism
./Cubism/Cubism_19.png,Cubism
./Cubism/Cubism_190.jpg,Cubism
./Cubism/Cubism_191.jpg,Cubism
./Cubism/Cubism_192.jpg,Cubism
./Cubism/Cubism_193.jpg,Cubism
./Cubism/Cubism_194.jpg,Cubism
./Cubism/Cubism_195.jpg,Cubism
./Cubism/Cubism_196.jpg,Cubism
./Cubism/Cubism_197.jpg,Cubism
./Cubism/Cubism_198.jpg,Cubism
./Cubism/Cubism_199.jpg,Cubism
./Cubism/Cubism_2.png,Cubism
./Cubism/Cubism_20.png,Cubism
./Cubism/Cubism_200.jpg,Cubism
./Cubism/Cubism_201.png,Cubism
./Cubism/Cubism_202.png,Cubism
./Cubism/Cubism_203.png,Cubism
./Cubism/Cubism_204.png,Cubism
./Cubism/Cubism_205.png,Cubism
./Cubism/Cubism_206.png,Cubism
./Cubism/Cubism_207.png,Cubism
./Cubism/Cubism_208.png,Cubism
./Cubism/Cubism_209.png,Cubism
./Cubism/Cubism_21.png,Cubism
./Cubism/Cubism_210.png,Cubism
./Cubism/Cubism_211.png,Cubism
./Cubism/Cubism_212.png,Cubism
./Cubism/Cubism_213.png,Cubism
./Cubism/Cubism_214.png,Cubism
./Cubism/Cubism_215.png,Cubism
./Cubism/Cubism_216.png,Cubism
./Cubism/Cubism_217.png,Cubism
./Cubism/Cubism_218.png,Cubism
./Cubism/Cubism_219.png,Cubism
./Cubism/Cubism_22.png,Cubism
./Cubism/Cubism_220.png,Cubism
./Cubism/Cubism_221.png,Cubism
./Cubism/Cubism_222.png,Cubism
./Cubism/Cubism_223.png,Cubism
./Cubism/Cubism_224.png,Cubism
./Cubism/Cubism_225.png,Cubism
./Cubism/Cubism_226.png,Cubism
./Cubism/Cubism_227.png,Cubism
./Cubism/Cubism_228.png,Cubism
./Cubism/Cubism_229.png,Cubism
./Cubism/Cubism_23.png,Cubism
./Cubism/Cubism_230.png,Cubism
./Cubism/Cubism_231.png,Cubism
./Cubism/Cubism_232.png,Cubism
./Cubism/Cubism_233.png,Cubism
./Cubism/Cubism_234.png,Cubism
./Cubism/Cubism_235.png,Cubism
./Cubism/Cubism_236.png,Cubism
./Cubism/Cubism_237.png,Cubism
./Cubism/Cubism_238.png,Cubism
./Cubism/Cubism_239.png,Cubism
./Cubism/Cubism_24.png,Cubism
./Cubism/Cubism_240.png,Cubism
./Cubism/Cubism_241.png,Cubism
./Cubism/Cubism_242.png,Cubism
./Cubism/Cubism_243.png,Cubism
./Cubism/Cubism_244.png,Cubism
./Cubism/Cubism_245.png,Cubism
./Cubism/Cubism_246.png,Cubism
./Cubism/Cubism_247.png,Cubism
./Cubism/Cubism_248.png,Cubism
./Cubism/Cubism_249.png,Cubism
./Cubism/Cubism_25.png,Cubism
./Cubism/Cubism_250.png,Cubism
./Cubism/Cubism_251.png,Cubism
./Cubism/Cubism_252.png,Cubism
./Cubism/Cubism_253.png,Cubism
./Cubism/Cubism_254.png,Cubism
./Cubism/Cubism_255.png,Cubism
./Cubism/Cubism_256.png,Cubism
./Cubism/Cubism_257.png,Cubism
./Cubism/Cubism_258.png,Cubism
./Cubism/Cubism_259.png,Cubism
./Cubism/Cubism_26.png,Cubism
./Cubism/Cubism_260.png,Cubism
./Cubism/Cubism_261.png,Cubism
./Cubism/Cubism_262.png,Cubism
./Cubism/Cubism_263.png,Cubism
./Cubism/Cubism_264.png,Cubism
./Cubism/Cubism_265.png,Cubism
./Cubism/Cubism_266.png,Cubism
./Cubism/Cubism_267.png,Cubism
./Cubism/Cubism_268.png,Cubism
./Cubism/Cubism_269.png,Cubism
./Cubism/Cubism_27.png,Cubism
./Cubism/Cubism_270.png,Cubism
./Cubism/Cubism_271.png,Cubism
./Cubism/Cubism_272.png,Cubism
./Cubism/Cubism_273.png,Cubism
./Cubism/Cubism_274.png,Cubism
./Cubism/Cubism_275.png,Cubism
./Cubism/Cubism_276.png,Cubism
./Cubism/Cubism_277.png,Cubism
./Cubism/Cubism_278.png,Cubism
./Cubism/Cubism_279.png,Cubism
./Cubism/Cubism_28.png,Cubism
./Cubism/Cubism_280.png,Cubism
./Cubism/Cubism_281.png,Cubism
./Cubism/Cubism_282.png,Cubism
./Cubism/Cubism_283.png,Cubism
./Cubism/Cubism_284.png,Cubism
./Cubism/Cubism_285.png,Cubism
./Cubism/Cubism_286.png,Cubism
./Cubism/Cubism_287.png,Cubism
./Cubism/Cubism_288.png,Cubism
./Cubism/Cubism_289.png,Cubism
./Cubism/Cubism_29.png,Cubism
./Cubism/Cubism_290.png,Cubism
./Cubism/Cubism_291.png,Cubism
./Cubism/Cubism_292.png,Cubism
./Cubism/Cubism_293.png,Cubism
./Cubism/Cubism_294.png,Cubism
./Cubism/Cubism_295.png,Cubism
./Cubism/Cubism_296.png,Cubism
./Cubism/Cubism_297.png,Cubism
./Cubism/Cubism_298.png,Cubism
./Cubism/Cubism_299.png,Cubism
./Cubism/Cubism_3.png,Cubism
./Cubism/Cubism_30.png,Cubism
./Cubism/Cubism_300.png,Cubism
./Cubism/Cubism_31.png,Cubism
./Cubism/Cubism_32.png,Cubism
./Cubism/Cubism_33.png,Cubism
./Cubism/Cubism_34.png,Cubism
./Cubism/Cubism_35.png,Cubism
./Cubism/Cubism_36.png,Cubism
./Cubism/Cubism_37.png,Cubism
./Cubism/Cubism_38.png,Cubism
./Cubism/Cubism_39.png,Cubism
./Cubism/Cubism_4.png,Cubism
./Cubism/Cubism_40.png,Cubism
./Cubism/Cubism_41.png,Cubism
./Cubism/Cubism_42.png,Cubism
./Cubism/Cubism_43.png,Cubism
./Cubism/Cubism_44.png,Cubism
./Cubism/Cubism_45.png,Cubism
./Cubism/Cubism_46.png,Cubism
./Cubism/Cubism_47.png,Cubism
./Cubism/Cubism_48.png,Cubism
./Cubism/Cubism_49.png,Cubism
./Cubism/Cubism_5.png,Cubism
./Cubism/Cubism_50.png,Cubism
./Cubism/Cubism_51.png,Cubism
./Cubism/Cubism_52.png,Cubism
./Cubism/Cubism_53.png,Cubism
./Cubism/Cubism_54.png,Cubism
./Cubism/Cubism_55.png,Cubism
./Cubism/Cubism_56.png,Cubism
./Cubism/Cubism_57.png,Cubism
./Cubism/Cubism_58.png,Cubism
./Cubism/Cubism_59.png,Cubism
./Cubism/Cubism_6.png,Cubism
./Cubism/Cubism_60.png,Cubism
./Cubism/Cubism_61.png,Cubism
./Cubism/Cubism_62.png,Cubism
./Cubism/Cubism_63.png,Cubism
./Cubism/Cubism_64.png,Cubism
./Cubism/Cubism_65.png,Cubism
./Cubism/Cubism_66.png,Cubism
./Cubism/Cubism_67.png,Cubism
./Cubism/Cubism_68.png,Cubism
./Cubism/Cubism_69.png,Cubism
./Cubism/Cubism_7.png,Cubism
./Cubism/Cubism_70.png,Cubism
./Cubism/Cubism_71.png,Cubism
./Cubism/Cubism_72.png,Cubism
./Cubism/Cubism_73.png,Cubism
./Cubism/Cubism_74.png,Cubism
./Cubism/Cubism_75.png,Cubism
./Cubism/Cubism_76.png,Cubism
./Cubism/Cubism_77.png,Cubism
./Cubism/Cubism_78.png,Cubism
./Cubism/Cubism_79.png,Cubism
./Cubism/Cubism_8.png,Cubism
./Cubism/Cubism_80.png,Cubism
./Cubism/Cubism_81.png,Cubism
./Cubism/Cubism_82.png,Cubism
./Cubism/Cubism_83.png,Cubism
./Cubism/Cubism_84.png,Cubism
./Cubism/Cubism_85.png,Cubism
./Cubism/Cubism_86.png,Cubism
./Cubism/Cubism_87.png,Cubism
./Cubism/Cubism_88.png,Cubism
./Cubism/Cubism_89.png,Cubism
./Cubism/Cubism_9.png,Cubism
./Cubism/Cubism_90.png,Cubism
./Cubism/Cubism_91.png,Cubism
./Cubism/Cubism_92.png,Cubism
./Cubism/Cubism_93.png,Cubism
./Cubism/Cubism_94.png,Cubism
./Cubism/Cubism_95.png,Cubism
./Cubism/Cubism_96.png,Cubism
./Cubism/Cubism_97.png,Cubism
./Cubism/Cubism_98.png,Cubism
./Cubism/Cubism_99.png,Cubism
